t_sec,x_mm,y_mm,theta_deg,cte_mm,head_err_deg,v_cmd_mmps,rot_cmd_degps
0.000,0.000,0.000,0.000,0.000,0.000
0.000,0.000,0.000,0.000,0.000,90.000
0.000,3.000,0.000,0.964,0.000,90.000
1.000,10.000,0.000,2.981,-3.000,89.036
1.000,20.000,1.000,6.925,-10.000,87.019
1.000,33.000,2.000,10.958,-20.000,83.075
1.000,49.000,5.000,14.903,-33.000,79.042
1.000,68.000,11.000,19.899,-49.000,75.097
1.000,90.000,18.000,23.932,-68.000,70.101
1.000,114.000,29.000,27.877,-90.000,66.068
1.000,140.000,43.000,31.909,-114.000,62.123
1.000,168.000,60.000,36.818,-140.000,58.091
2.000,196.000,82.000,40.851,-168.000,53.182
2.000,226.000,108.000,44.796,-196.000,49.149
2.000,254.000,136.000,49.792,-226.000,45.204
2.000,280.000,167.000,53.825,-254.000,40.208
2.000,304.000,199.000,57.770,-280.000,36.175
2.000,325.000,233.000,62.766,-304.000,32.230
2.000,343.000,269.000,66.799,-325.000,27.234
2.000,359.000,306.000,70.744,-343.000,23.201
2.000,372.000,343.000,74.776,-359.000,19.256
2.000,382.000,382.000,79.773,-372.000,15.224
3.000,389.000,421.000,83.718,-382.000,10.227
3.000,393.000,461.000,87.750,-389.000,6.282
3.000,395.000,501.000,92.747,-393.000,2.250
3.000,393.000,541.000,96.692,-395.000,-2.747
3.000,388.000,581.000,99.672,-393.000,-6.692
3.000,381.000,621.000,101.689,-388.000,-9.672
3.000,372.000,660.000,100.724,-381.000,-11.689
3.000,365.000,699.000,97.744,-372.000,-10.724
3.000,359.000,738.000,95.727,-365.000,-7.744
4.000,355.000,778.000,94.676,-359.000,-5.727
4.000,351.000,818.000,94.676,-355.000,-4.676
4.000,348.000,858.000,95.727,-351.000,-4.676
4.000,343.000,898.000,96.692,-348.000,-5.727
4.000,338.000,937.000,96.692,-343.000,-6.692
4.000,333.000,977.000,96.692,-338.000,-6.692
4.000,329.000,1017.000,96.692,-333.000,-6.692
4.000,324.000,1056.000,95.727,-329.000,-6.692
4.000,320.000,1096.000,95.727,-324.000,-5.727
5.000,315.000,1136.000,95.727,-320.000,-5.727
5.000,311.000,1175.000,95.727,-315.000,-5.727
5.000,307.000,1215.000,95.727,-311.000,-5.727
5.000,303.000,1255.000,95.727,-307.000,-5.727
5.000,299.000,1295.000,95.727,-303.000,-5.727
5.000,295.000,1335.000,95.727,-299.000,-5.727
5.000,291.000,1375.000,95.727,-295.000,-5.727
5.000,287.000,1414.000,94.676,-291.000,-5.727
5.000,283.000,1454.000,94.676,-287.000,-4.676
6.000,279.000,1494.000,94.676,-283.000,-4.676
6.000,276.000,1534.000,95.727,-279.000,-4.676
6.000,272.000,1574.000,95.727,-276.000,-5.727
6.000,267.000,1613.000,95.727,-272.000,-5.727
6.000,264.000,1653.000,94.676,-267.000,-5.727
6.000,260.000,1693.000,94.676,-264.000,-4.676
6.000,257.000,1733.000,94.676,-260.000,-4.676
6.000,253.000,1773.000,94.676,-257.000,-4.676
6.000,250.000,1813.000,94.676,-253.000,-4.676
7.000,247.000,1853.000,94.676,-250.000,-4.676
7.000,243.000,1892.000,94.676,-247.000,-4.676
7.000,240.000,1932.000,94.676,-243.000,-4.676
7.000,237.000,1972.000,93.711,-240.000,-4.676
7.000,234.000,2012.000,93.711,-237.000,-3.711
7.000,231.000,2052.000,94.676,-234.000,-3.711
7.000,228.000,2091.000,94.676,-231.000,-4.676
7.000,224.000,2131.000,94.676,-228.000,-4.676
7.000,221.000,2171.000,93.711,-224.000,-4.676
7.000,218.000,2211.000,93.711,-221.000,-3.711
8.000,215.000,2251.000,93.711,-218.000,-3.711
8.000,212.000,2291.000,93.711,-215.000,-3.711
8.000,209.000,2331.000,93.711,-212.000,-3.711
8.000,206.000,2370.000,93.711,-209.000,-3.711
8.000,203.000,2410.000,93.711,-206.000,-3.711
8.000,200.000,2450.000,93.711,-203.000,-3.711
8.000,197.000,2490.000,93.711,-200.000,-3.711
8.000,194.000,2530.000,93.711,-197.000,-3.711
8.000,191.000,2569.000,93.711,-194.000,-3.711
9.000,188.000,2609.000,93.711,-191.000,-3.711
9.000,185.000,2649.000,93.711,-188.000,-3.711
9.000,182.000,2689.000,93.711,-185.000,-3.711
9.000,179.000,2729.000,93.711,-182.000,-3.711
9.000,176.000,2769.000,93.711,-179.000,-3.711
9.000,174.000,2809.000,92.747,-176.000,-3.711
9.000,172.000,2849.000,92.747,-174.000,-2.747
9.000,170.000,2888.000,92.747,-172.000,-2.747
9.000,167.000,2928.000,92.747,-170.000,-2.747
10.000,165.000,2968.000,93.711,-167.000,-2.747
10.000,162.000,3008.000,93.711,-165.000,-3.711
10.000,160.000,3048.000,92.747,-162.000,-3.711
10.000,157.000,3088.000,92.747,-160.000,-2.747
10.000,155.000,3128.000,92.747,-157.000,-2.747
10.000,153.000,3167.000,92.747,-155.000,-2.747
10.000,151.000,3208.000,92.747,-153.000,-2.747
10.000,149.000,3247.000,92.747,-151.000,-2.747
10.000,147.000,3287.000,92.747,-149.000,-2.747
11.000,144.000,3327.000,92.747,-147.000,-2.747
11.000,142.000,3367.000,92.747,-144.000,-2.747
11.000,140.000,3407.000,92.747,-142.000,-2.747
11.000,138.000,3447.000,92.747,-140.000,-2.747
11.000,136.000,3487.000,92.747,-138.000,-2.747
11.000,134.000,3527.000,92.747,-136.000,-2.747
11.000,132.000,3567.000,92.747,-134.000,-2.747
11.000,130.000,3607.000,91.695,-132.000,-2.747
11.000,128.000,3647.000,91.695,-130.000,-1.695
12.000,127.000,3687.000,92.747,-128.000,-1.695
12.000,125.000,3727.000,92.747,-127.000,-2.747
12.000,123.000,3767.000,92.747,-125.000,-2.747
12.000,121.000,3807.000,91.695,-123.000,-2.747
12.000,119.000,3847.000,91.695,-121.000,-1.695
12.000,118.000,3887.000,91.695,-119.000,-1.695
12.000,116.000,3927.000,92.747,-118.000,-1.695
12.000,114.000,3968.000,92.747,-116.000,-2.747
12.000,112.000,4008.000,91.695,-114.000,-2.747
12.000,111.000,4047.000,91.695,-112.000,-1.695
13.000,109.000,4087.000,91.695,-111.000,-1.695
13.000,108.000,4127.000,91.695,-109.000,-1.695
13.000,106.000,4168.000,92.747,-108.000,-1.695
13.000,104.000,4207.000,92.747,-106.000,-2.747
13.000,102.000,4247.000,91.695,-104.000,-2.747
13.000,101.000,4287.000,91.695,-102.000,-1.695
13.000,99.000,4327.000,91.695,-101.000,-1.695
13.000,98.000,4367.000,91.695,-99.000,-1.695
13.000,97.000,4406.000,91.695,-98.000,-1.695
14.000,95.000,4446.000,91.695,-97.000,-1.695
14.000,94.000,4486.000,91.695,-95.000,-1.695
14.000,92.000,4526.000,91.695,-94.000,-1.695
14.000,91.000,4567.000,91.695,-92.000,-1.695
14.000,89.000,4607.000,91.695,-91.000,-1.695
14.000,88.000,4647.000,91.695,-89.000,-1.695
14.000,86.000,4687.000,91.695,-353.000,-1.695
14.000,85.000,4727.000,91.695,-313.000,-91.695
14.000,84.000,4766.000,90.731,-273.000,-91.695
15.000,83.000,4807.000,88.714,-234.000,-90.731
15.000,84.000,4846.000,84.770,-193.000,-88.714
15.000,87.000,4886.000,80.737,-154.000,-84.770
15.000,94.000,4926.000,76.792,-114.000,-80.737
15.000,103.000,4965.000,71.796,-74.000,-76.792
15.000,115.000,5003.000,67.763,-35.000,-71.796
15.000,130.000,5040.000,63.818,3.000,-67.763
15.000,148.000,5076.000,58.822,40.000,-63.818
15.000,168.000,5111.000,54.789,76.000,-58.822
16.000,191.000,5143.000,50.844,111.000,-54.789
16.000,216.000,5175.000,46.812,143.000,-50.844
16.000,244.000,5204.000,41.815,175.000,-46.812
16.000,273.000,5230.000,37.870,204.000,-41.815
16.000,305.000,5255.000,33.838,230.000,-37.870
16.000,338.000,5277.000,28.841,255.000,-33.838
16.000,373.000,5297.000,24.896,277.000,-28.841
16.000,410.000,5314.000,20.864,297.000,-24.896
16.000,447.000,5328.000,15.955,314.000,-20.864
16.000,485.000,5339.000,11.922,328.000,-15.955
17.000,524.000,5348.000,7.977,339.000,-11.922
17.000,564.000,5353.000,3.945,348.000,-7.977
17.000,603.000,5356.000,-0.964,353.000,-3.945
17.000,644.000,5355.000,-4.909,356.000,0.964
17.000,684.000,5352.000,-7.977,355.000,4.909
17.000,723.000,5346.000,-9.906,352.000,7.977
17.000,763.000,5339.000,-10.958,346.000,9.906
17.000,802.000,5331.000,-10.958,339.000,10.958
17.000,841.000,5323.000,-9.906,331.000,10.958
18.000,881.000,5316.000,-7.977,323.000,9.906
18.000,921.000,5310.000,-5.961,316.000,7.977
18.000,960.000,5306.000,-4.909,310.000,5.961
18.000,1000.000,5303.000,-3.945,306.000,4.909
18.000,1040.000,5300.000,-4.909,303.000,3.945
18.000,1079.000,5297.000,-5.961,300.000,4.909
18.000,1119.000,5293.000,-5.961,297.000,5.961
18.000,1159.000,5289.000,-5.961,293.000,5.961
18.000,1199.000,5285.000,-4.909,289.000,5.961
19.000,1239.000,5281.000,-4.909,285.000,4.909
19.000,1279.000,5278.000,-4.909,281.000,4.909
19.000,1318.000,5274.000,-4.909,278.000,4.909
19.000,1358.000,5271.000,-4.909,274.000,4.909
19.000,1398.000,5267.000,-4.909,271.000,4.909
19.000,1438.000,5263.000,-4.909,267.000,4.909
19.000,1477.000,5260.000,-4.909,263.000,4.909
19.000,1517.000,5256.000,-4.909,260.000,4.909
19.000,1557.000,5252.000,-4.909,256.000,4.909
20.000,1597.000,5249.000,-4.909,252.000,4.909
20.000,1636.000,5245.000,-4.909,249.000,4.909
20.000,1676.000,5242.000,-4.909,245.000,4.909
20.000,1716.000,5239.000,-3.945,242.000,4.909
20.000,1756.000,5236.000,-3.945,239.000,3.945
20.000,1796.000,5233.000,-3.945,236.000,3.945
20.000,1836.000,5230.000,-4.909,233.000,3.945
20.000,1876.000,5227.000,-4.909,230.000,4.909
20.000,1916.000,5223.000,-3.945,227.000,4.909
20.000,1956.000,5220.000,-3.945,223.000,3.945
21.000,1996.000,5218.000,-3.945,220.000,3.945
21.000,2036.000,5215.000,-3.945,218.000,3.945
21.000,2076.000,5212.000,-3.945,215.000,3.945
21.000,2116.000,5209.000,-3.945,212.000,3.945
21.000,2156.000,5206.000,-3.945,209.000,3.945
21.000,2196.000,5204.000,-3.945,206.000,3.945
21.000,2236.000,5201.000,-3.945,204.000,3.945
21.000,2276.000,5198.000,-3.945,201.000,3.945
21.000,2315.000,5196.000,-3.945,198.000,3.945
22.000,2356.000,5193.000,-2.981,196.000,3.945
22.000,2395.000,5191.000,-2.981,193.000,2.981
22.000,2435.000,5189.000,-2.981,191.000,2.981
22.000,2475.000,5186.000,-3.945,189.000,2.981
22.000,2515.000,5184.000,-3.945,186.000,3.945
22.000,2555.000,5181.000,-3.945,184.000,3.945
22.000,2595.000,5178.000,-2.981,181.000,3.945
22.000,2634.000,5176.000,-2.981,178.000,2.981
22.000,2674.000,5174.000,-2.981,176.000,2.981
23.000,2714.000,5172.000,-2.981,174.000,2.981
23.000,2754.000,5169.000,-2.981,172.000,2.981
23.000,2794.000,5167.000,-2.981,169.000,2.981
23.000,2834.000,5165.000,-3.945,167.000,2.981
23.000,2874.000,5162.000,-3.945,165.000,3.945
23.000,2914.000,5160.000,-2.981,162.000,3.945
23.000,2954.000,5158.000,-2.981,160.000,2.981
23.000,2994.000,5156.000,-2.981,158.000,2.981
23.000,3034.000,5154.000,-1.929,156.000,2.981
24.000,3074.000,5152.000,-1.929,154.000,1.929
24.000,3114.000,5151.000,-2.981,152.000,1.929
24.000,3154.000,5149.000,-2.981,151.000,2.981
24.000,3194.000,5147.000,-2.981,149.000,2.981
24.000,3234.000,5144.000,-2.981,147.000,2.981
24.000,3273.000,5142.000,-2.981,144.000,2.981
24.000,3313.000,5140.000,-2.981,142.000,2.981
24.000,3353.000,5138.000,-2.981,140.000,2.981
24.000,3393.000,5136.000,-1.929,138.000,2.981
24.000,3434.000,5135.000,-1.929,136.000,1.929
25.000,3474.000,5133.000,-1.929,135.000,1.929
25.000,3514.000,5132.000,-2.981,133.000,1.929
25.000,3553.000,5130.000,-2.981,132.000,2.981
25.000,3593.000,5128.000,-2.981,130.000,2.981
25.000,3633.000,5126.000,-1.929,128.000,2.981
25.000,3673.000,5125.000,-1.929,126.000,1.929
25.000,3713.000,5123.000,-1.929,125.000,1.929
25.000,3753.000,5122.000,-1.929,123.000,1.929
25.000,3793.000,5120.000,-2.981,122.000,1.929
26.000,3833.000,5118.000,-2.981,120.000,2.981
26.000,3873.000,5116.000,-1.929,118.000,2.981
26.000,3913.000,5115.000,-1.929,116.000,1.929
26.000,3953.000,5114.000,-1.929,115.000,1.929
26.000,3993.000,5112.000,-1.929,114.000,1.929
26.000,4033.000,5111.000,-1.929,112.000,1.929
26.000,4073.000,5109.000,-1.929,111.000,1.929
26.000,4113.000,5108.000,-1.929,109.000,1.929
26.000,4152.000,5106.000,-1.929,108.000,1.929
27.000,4192.000,5105.000,-1.929,106.000,1.929
27.000,4232.000,5103.000,-1.929,105.000,1.929
27.000,4272.000,5101.000,-1.929,103.000,1.929
27.000,4311.000,5100.000,-1.929,101.000,1.929
27.000,4351.000,5098.000,-1.929,100.000,1.929
27.000,4391.000,5097.000,-1.929,98.000,1.929
27.000,4431.000,5095.000,-1.929,97.000,1.929
27.000,4471.000,5094.000,-1.929,95.000,1.929
27.000,4511.000,5092.000,-1.929,94.000,1.929
28.000,4551.000,5091.000,-1.929,92.000,1.929
28.000,4591.000,5090.000,-1.929,91.000,1.929
28.000,4631.000,5088.000,-1.929,90.000,1.929
28.000,4671.000,5087.000,-0.964,-369.000,1.929
28.000,4711.000,5086.000,-0.964,-329.000,-89.036
28.000,4751.000,5085.000,-5.961,-289.000,-89.036
28.000,4790.000,5082.000,-9.906,-249.000,-84.039
28.000,4830.000,5075.000,-13.938,-210.000,-80.094
28.000,4869.000,5065.000,-17.883,-170.000,-76.062
28.000,4907.000,5052.000,-22.880,-131.000,-72.117
29.000,4944.000,5037.000,-26.912,-93.000,-67.120
29.000,4980.000,5019.000,-30.857,-56.000,-63.088
29.000,5014.000,4998.000,-35.854,-20.000,-59.143
29.000,5047.000,4974.000,-39.886,14.000,-54.146
29.000,5077.000,4949.000,-43.831,47.000,-50.114
29.000,5106.000,4921.000,-47.864,77.000,-46.169
29.000,5132.000,4891.000,-52.861,106.000,-42.136
29.000,5157.000,4859.000,-56.805,132.000,-37.139
29.000,5178.000,4826.000,-60.838,157.000,-33.195
30.000,5198.000,4790.000,-65.747,178.000,-29.162
30.000,5214.000,4754.000,-69.779,198.000,-24.253
30.000,5228.000,4716.000,-73.724,214.000,-20.221
30.000,5239.000,4678.000,-78.721,228.000,-16.276
30.000,5247.000,4639.000,-82.753,239.000,-11.279
30.000,5251.000,4599.000,-86.698,247.000,-7.247
30.000,5253.000,4560.000,-90.731,251.000,-3.302
30.000,5252.000,4519.000,-95.727,253.000,0.731
30.000,5248.000,4480.000,-98.708,252.000,5.727
31.000,5242.000,4440.000,-100.724,248.000,8.708
31.000,5234.000,4401.000,-98.708,242.000,10.724
31.000,5228.000,4361.000,-95.727,234.000,8.708
31.000,5224.000,4321.000,-92.747,228.000,5.727
31.000,5222.000,4281.000,-91.695,224.000,2.747
31.000,5221.000,4241.000,-91.695,222.000,1.695
31.000,5219.000,4201.000,-93.711,221.000,1.695
31.000,5217.000,4162.000,-94.676,219.000,3.711
31.000,5213.000,4122.000,-94.676,217.000,4.676
31.000,5209.000,4082.000,-94.676,213.000,4.676
32.000,5206.000,4042.000,-94.676,209.000,4.676
32.000,5203.000,4003.000,-93.711,206.000,4.676
32.000,5200.000,3963.000,-93.711,203.000,3.711
32.000,5198.000,3923.000,-93.711,200.000,3.711
32.000,5195.000,3883.000,-93.711,198.000,3.711
32.000,5193.000,3843.000,-92.747,195.000,3.711
32.000,5190.000,3803.000,-92.747,193.000,2.747
32.000,5188.000,3762.000,-93.711,190.000,2.747
32.000,5185.000,3723.000,-93.711,188.000,3.711
33.000,5183.000,3683.000,-93.711,185.000,3.711
33.000,5180.000,3643.000,-93.711,183.000,3.711
33.000,5177.000,3603.000,-93.711,180.000,3.711
33.000,5175.000,3563.000,-92.747,177.000,3.711
33.000,5172.000,3523.000,-92.747,175.000,2.747
33.000,5170.000,3483.000,-92.747,172.000,2.747
33.000,5168.000,3443.000,-92.747,170.000,2.747
33.000,5166.000,3403.000,-93.711,168.000,2.747
33.000,5163.000,3363.000,-93.711,166.000,3.711
34.000,5161.000,3323.000,-92.747,163.000,3.711
34.000,5158.000,3284.000,-92.747,161.000,2.747
34.000,5156.000,3244.000,-92.747,158.000,2.747
34.000,5154.000,3204.000,-92.747,156.000,2.747
34.000,5152.000,3164.000,-92.747,154.000,2.747
34.000,5149.000,3124.000,-92.747,152.000,2.747
34.000,5147.000,3084.000,-92.747,149.000,2.747
34.000,5145.000,3044.000,-92.747,147.000,2.747
34.000,5143.000,3004.000,-92.747,145.000,2.747
35.000,5140.000,2964.000,-92.747,143.000,2.747
35.000,5138.000,2924.000,-92.747,140.000,2.747
35.000,5136.000,2884.000,-92.747,138.000,2.747
35.000,5134.000,2843.000,-92.747,136.000,2.747
35.000,5132.000,2803.000,-92.747,134.000,2.747
35.000,5130.000,2763.000,-92.747,132.000,2.747
35.000,5128.000,2723.000,-91.695,130.000,2.747
35.000,5126.000,2684.000,-91.695,128.000,1.695
35.000,5125.000,2644.000,-92.747,126.000,1.695
35.000,5123.000,2604.000,-92.747,125.000,2.747
36.000,5121.000,2564.000,-92.747,123.000,2.747
36.000,5119.000,2524.000,-91.695,121.000,2.747
36.000,5118.000,2484.000,-91.695,119.000,1.695
36.000,5116.000,2444.000,-91.695,118.000,1.695
36.000,5115.000,2405.000,-91.695,116.000,1.695
36.000,5113.000,2365.000,-92.747,115.000,1.695
36.000,5111.000,2325.000,-92.747,113.000,2.747
36.000,5109.000,2285.000,-91.695,111.000,2.747
36.000,5108.000,2244.000,-91.695,109.000,1.695
37.000,5106.000,2204.000,-91.695,108.000,1.695
37.000,5105.000,2164.000,-91.695,106.000,1.695
37.000,5103.000,2124.000,-91.695,105.000,1.695
37.000,5101.000,2084.000,-92.747,103.000,1.695
37.000,5100.000,2044.000,-92.747,101.000,2.747
37.000,5098.000,2005.000,-91.695,100.000,2.747
37.000,5096.000,1965.000,-91.695,98.000,1.695
37.000,5095.000,1925.000,-91.695,96.000,1.695
37.000,5094.000,1885.000,-91.695,95.000,1.695
38.000,5093.000,1845.000,-91.695,94.000,1.695
38.000,5092.000,1805.000,-91.695,93.000,1.695
38.000,5091.000,1765.000,-91.695,92.000,1.695
38.000,5090.000,1725.000,-91.695,91.000,1.695
38.000,5089.000,1685.000,-91.695,90.000,1.695
38.000,5087.000,1645.000,-91.695,89.000,1.695
38.000,5086.000,1605.000,-91.695,87.000,1.695
38.000,5085.000,1566.000,-91.695,86.000,1.695
38.000,5084.000,1526.000,-90.731,85.000,1.695
39.000,5083.000,1486.000,-90.731,84.000,0.731
39.000,5082.000,1446.000,-91.695,83.000,0.731
39.000,5081.000,1406.000,-91.695,82.000,1.695
39.000,5080.000,1366.000,-91.695,81.000,1.695
39.000,5078.000,1326.000,-91.695,80.000,1.695
39.000,5077.000,1286.000,-91.695,78.000,1.695
39.000,5076.000,1246.000,-91.695,77.000,1.695
39.000,5074.000,1206.000,-90.731,76.000,1.695
39.000,5073.000,1166.000,-90.731,74.000,0.731
40.000,5073.000,1126.000,-91.695,73.000,0.731
40.000,5072.000,1086.000,-91.695,73.000,1.695
40.000,5070.000,1046.000,-91.695,72.000,1.695
40.000,5069.000,1006.000,-90.731,70.000,1.695
40.000,5068.000,966.000,-90.731,69.000,0.731
40.000,5067.000,926.000,-91.695,68.000,0.731
40.000,5066.000,886.000,-91.695,67.000,1.695
40.000,5065.000,847.000,-91.695,66.000,1.695
40.000,5064.000,807.000,-90.731,65.000,1.695
40.000,5063.000,767.000,-90.731,64.000,0.731
41.000,5063.000,727.000,-90.731,63.000,0.731
41.000,5062.000,686.000,-90.731,63.000,0.731
41.000,5061.000,647.000,-91.695,62.000,0.731
41.000,5060.000,607.000,-91.695,61.000,1.695
41.000,5059.000,567.000,-90.731,60.000,1.695
41.000,5058.000,527.000,-90.731,59.000,0.731
41.000,5057.000,487.000,-90.731,58.000,0.731
41.000,5056.000,447.000,-91.695,57.000,0.731
41.000,5055.000,407.000,-91.695,56.000,1.695
42.000,5054.000,367.000,-90.731,55.000,1.695
42.000,5053.000,327.000,-90.731,54.000,0.731
42.000,5052.000,287.000,-90.731,53.000,0.731
42.000,5052.000,247.000,-90.731,52.000,0.731
42.000,5051.000,207.000,-90.731,52.000,0.731
42.000,5050.000,167.000,-90.731,51.000,0.731
42.000,5049.000,127.000,-90.731,50.000,0.731
42.000,5048.000,87.000,-91.695,49.000,0.731
42.000,5047.000,47.000,-91.695,48.000,1.695
43.000,5046.000,7.000,-90.731,47.000,1.695
43.000,5045.000,-33.000,-90.731,46.000,0.731
43.000,5045.000,-72.000,-90.731,45.000,0.731
43.000,5044.000,-113.000,-90.731,45.000,0.731
43.000,5044.000,-153.000,-90.731,44.000,0.731
43.000,5043.000,-193.000,-90.731,44.000,0.731
43.000,5043.000,-233.000,-90.731,43.000,0.731
43.000,5042.000,-273.000,-90.731,43.000,0.731
43.000,5042.000,-313.000,-90.731,42.000,0.731
44.000,5041.000,-353.000,-90.731,42.000,0.731
44.000,5041.000,-393.000,-90.731,41.000,0.731
44.000,5040.000,-432.000,-90.731,41.000,0.731
44.000,5040.000,-472.000,-90.731,40.000,0.731
44.000,5039.000,-512.000,-90.731,40.000,0.731
44.000,5039.000,-552.000,-90.731,39.000,0.731
44.000,5038.000,-592.000,-90.731,39.000,0.731
44.000,5038.000,-632.000,-90.731,38.000,0.731
44.000,5037.000,-672.000,-90.731,38.000,0.731
44.000,5037.000,-712.000,-90.731,37.000,0.731
45.000,5036.000,-752.000,-90.731,37.000,0.731
45.000,5036.000,-792.000,-90.731,36.000,0.731
45.000,5035.000,-832.000,-90.731,36.000,0.731
45.000,5035.000,-872.000,-90.731,35.000,0.731
45.000,5034.000,-912.000,-90.731,35.000,0.731
45.000,5034.000,-952.000,-90.731,34.000,0.731
45.000,5034.000,-992.000,-89.679,34.000,0.731
45.000,5033.000,-1032.000,-89.679,34.000,-0.321
45.000,5033.000,-1072.000,-90.731,33.000,-0.321
46.000,5032.000,-1112.000,-90.731,33.000,0.731
46.000,5032.000,-1152.000,-90.731,32.000,0.731
46.000,5031.000,-1192.000,-90.731,32.000,0.731
46.000,5030.000,-1232.000,-90.731,31.000,0.731
46.000,5029.000,-1272.000,-90.731,30.000,0.731
46.000,5029.000,-1312.000,-90.731,29.000,0.731
46.000,5028.000,-1352.000,-90.731,29.000,0.731
46.000,5028.000,-1392.000,-90.731,28.000,0.731
46.000,5027.000,-1432.000,-90.731,28.000,0.731
47.000,5027.000,-1472.000,-89.679,27.000,0.731
47.000,5026.000,-1512.000,-89.679,27.000,-0.321
47.000,5026.000,-1552.000,-90.731,26.000,-0.321
47.000,5026.000,-1592.000,-90.731,26.000,0.731
47.000,5025.000,-1632.000,-90.731,26.000,0.731
47.000,5024.000,-1672.000,-90.731,25.000,0.731
47.000,5024.000,-1711.000,-90.731,24.000,0.731
47.000,5023.000,-1751.000,-90.731,24.000,0.731
47.000,5023.000,-1791.000,-89.679,23.000,0.731
48.000,5023.000,-1831.000,-89.679,23.000,-0.321
48.000,5023.000,-1872.000,-90.731,23.000,-0.321
48.000,5022.000,-1911.000,-90.731,23.000,0.731
48.000,5022.000,-1952.000,-90.731,22.000,0.731
48.000,5021.000,-1992.000,-90.731,22.000,0.731
48.000,5021.000,-2032.000,-89.679,21.000,0.731
48.000,5020.000,-2072.000,-89.679,21.000,-0.321
48.000,5020.000,-2112.000,-90.731,20.000,-0.321
48.000,5020.000,-2152.000,-90.731,20.000,0.731
48.000,5019.000,-2192.000,-90.731,20.000,0.731
49.000,5019.000,-2232.000,-90.731,19.000,0.731
49.000,5019.000,-2272.000,-89.679,19.000,0.731
49.000,5018.000,-2312.000,-89.679,19.000,-0.321
49.000,5018.000,-2352.000,-90.731,18.000,-0.321
49.000,5018.000,-2392.000,-90.731,18.000,0.731
49.000,5017.000,-2432.000,-90.731,18.000,0.731
49.000,5017.000,-2472.000,-90.731,17.000,0.731
49.000,5016.000,-2512.000,-89.679,17.000,0.731
49.000,5016.000,-2552.000,-89.679,16.000,-0.321
50.000,5016.000,-2593.000,-89.679,16.000,-0.321
50.000,5016.000,-2633.000,-90.731,16.000,-0.321
50.000,5015.000,-2672.000,-90.731,16.000,0.731
50.000,5015.000,-2713.000,-90.731,15.000,0.731
50.000,5014.000,-2752.000,-90.731,15.000,0.731
50.000,5014.000,-2793.000,-89.679,14.000,0.731
50.000,5014.000,-2832.000,-89.679,14.000,-0.321
50.000,5014.000,-2872.000,-89.679,14.000,-0.321
50.000,5014.000,-2912.000,-90.731,14.000,-0.321
51.000,5013.000,-2953.000,-90.731,14.000,0.731
51.000,5013.000,-2992.000,-90.731,13.000,0.731
51.000,5012.000,-3033.000,-89.679,13.000,0.731
51.000,5012.000,-3073.000,-89.679,12.000,-0.321
51.000,5012.000,-3113.000,-89.679,12.000,-0.321
51.000,5012.000,-3152.000,-90.731,12.000,-0.321
51.000,5012.000,-3193.000,-90.731,12.000,0.731
51.000,5011.000,-3233.000,-90.731,12.000,0.731
51.000,5011.000,-3273.000,-89.679,11.000,0.731
51.000,5011.000,-3313.000,-89.679,11.000,-0.321
52.000,5011.000,-3353.000,-89.679,11.000,-0.321
52.000,5011.000,-3392.000,-90.731,11.000,-0.321
52.000,5010.000,-3433.000,-90.731,11.000,0.731
52.000,5010.000,-3473.000,-90.731,10.000,0.731
52.000,5009.000,-3513.000,-89.679,10.000,0.731
52.000,5009.000,-3553.000,-89.679,9.000,-0.321
52.000,5009.000,-3593.000,-89.679,9.000,-0.321
52.000,5009.000,-3633.000,-90.731,9.000,-0.321
52.000,5009.000,-3673.000,-90.731,9.000,0.731
53.000,5008.000,-3713.000,-90.731,9.000,0.731
53.000,5008.000,-3753.000,-89.679,8.000,0.731
53.000,5008.000,-3793.000,-89.679,8.000,-0.321
53.000,5008.000,-3833.000,-89.679,8.000,-0.321
53.000,5008.000,-3873.000,-90.731,8.000,-0.321
53.000,5007.000,-3913.000,-90.731,8.000,0.731
53.000,5007.000,-3953.000,-90.731,7.000,0.731
53.000,5006.000,-3993.000,-89.679,7.000,0.731
53.000,5006.000,-4033.000,-89.679,6.000,-0.321
54.000,5006.000,-4073.000,-89.679,6.000,-0.321
54.000,5006.000,-4113.000,-89.679,6.000,-0.321
54.000,5006.000,-4153.000,-90.731,6.000,-0.321
54.000,5006.000,-4193.000,-90.731,6.000,0.731
54.000,5005.000,-4233.000,-89.679,6.000,0.731
54.000,5005.000,-4273.000,-89.679,5.000,-0.321
54.000,5005.000,-4313.000,-89.679,5.000,-0.321
54.000,5005.000,-4353.000,-90.731,5.000,-0.321
54.000,5004.000,-4393.000,-90.731,5.000,0.731
55.000,5004.000,-4433.000,-89.679,4.000,0.731
55.000,5003.000,-4473.000,-89.679,4.000,-0.321
55.000,5004.000,-4513.000,-89.679,3.000,-0.321
55.000,5003.000,-4554.000,-89.679,4.000,-0.321
55.000,5003.000,-4593.000,-90.731,3.000,-0.321
55.000,5003.000,-4634.000,-90.731,3.000,0.731
55.000,5002.000,-4673.000,-89.679,-366.000,0.731
55.000,5002.000,-4713.000,-89.679,-327.000,-90.321
55.000,5002.000,-4754.000,-93.711,-287.000,-90.321
55.000,4999.000,-4793.000,-98.708,-246.000,-86.289
56.000,4993.000,-4833.000,-102.653,-207.000,-81.292
56.000,4985.000,-4872.000,-106.685,-167.000,-77.347
56.000,4973.000,-4910.000,-110.630,-128.000,-73.315
56.000,4958.000,-4947.000,-115.627,-90.000,-69.370
56.000,4941.000,-4983.000,-119.659,-53.000,-64.373
56.000,4921.000,-5018.000,-123.604,-17.000,-60.341
56.000,4899.000,-5051.000,-128.601,18.000,-56.396
56.000,4874.000,-5082.000,-132.633,51.000,-51.399
56.000,4846.000,-5111.000,-136.578,82.000,-47.367
57.000,4817.000,-5138.000,-140.611,111.000,-43.422
57.000,4786.000,-5163.000,-145.607,138.000,-39.389
57.000,4753.000,-5186.000,-149.552,163.000,-34.393
57.000,4718.000,-5206.000,-153.585,186.000,-30.448
57.000,4682.000,-5223.000,-158.582,206.000,-26.415
57.000,4645.000,-5238.000,-162.526,223.000,-21.418
57.000,4607.000,-5249.000,-166.559,238.000,-17.474
57.000,4568.000,-5258.000,-171.468,249.000,-13.441
57.000,4528.000,-5264.000,-175.500,258.000,-8.532
58.000,4488.000,-5267.000,179.445,264.000,-4.500
58.000,4448.000,-5267.000,175.500,267.000,0.555
58.000,4408.000,-5264.000,171.468,267.000,4.500
58.000,4369.000,-5258.000,169.539,264.000,8.532
58.000,4329.000,-5252.000,171.468,258.000,10.461
58.000,4290.000,-5246.000,175.500,252.000,8.532
58.000,4250.000,-5243.000,177.517,246.000,4.500
58.000,4209.000,-5242.000,178.481,243.000,2.483
58.000,4170.000,-5241.000,177.517,242.000,1.519
59.000,4130.000,-5239.000,175.500,241.000,2.483
59.000,4090.000,-5237.000,174.536,239.000,4.500
59.000,4050.000,-5233.000,174.536,237.000,5.464
59.000,4011.000,-5230.000,175.500,233.000,5.464
59.000,3971.000,-5227.000,176.465,230.000,4.500
59.000,3931.000,-5225.000,176.465,227.000,3.535
59.000,3891.000,-5222.000,175.500,225.000,3.535
59.000,3851.000,-5220.000,175.500,222.000,4.500
59.000,3811.000,-5217.000,175.500,220.000,4.500
60.000,3771.000,-5215.000,176.465,217.000,4.500
60.000,3731.000,-5213.000,176.465,215.000,3.535
60.000,3691.000,-5211.000,176.465,213.000,3.535
60.000,3651.000,-5208.000,176.465,211.000,3.535
60.000,3611.000,-5206.000,175.500,208.000,3.535
60.000,3572.000,-5204.000,175.500,206.000,4.500
60.000,3532.000,-5201.000,176.465,204.000,4.500
60.000,3491.000,-5199.000,176.465,201.000,3.535
60.000,3452.000,-5197.000,176.465,199.000,3.535
60.000,3412.000,-5195.000,176.465,197.000,3.535
61.000,3372.000,-5193.000,176.465,195.000,3.535
61.000,3332.000,-5191.000,176.465,193.000,3.535
61.000,3292.000,-5189.000,176.465,191.000,3.535
61.000,3252.000,-5187.000,176.465,189.000,3.535
61.000,3212.000,-5185.000,176.465,187.000,3.535
61.000,3172.000,-5183.000,176.465,185.000,3.535
61.000,3132.000,-5181.000,176.465,183.000,3.535
61.000,3092.000,-5179.000,176.465,181.000,3.535
61.000,3052.000,-5177.000,177.517,179.000,3.535
62.000,3012.000,-5175.000,177.517,177.000,2.483
62.000,2972.000,-5174.000,176.465,175.000,2.483
62.000,2932.000,-5172.000,176.465,174.000,3.535
62.000,2892.000,-5170.000,176.465,172.000,3.535
62.000,2853.000,-5168.000,176.465,170.000,3.535
62.000,2813.000,-5166.000,177.517,168.000,3.535
62.000,2773.000,-5164.000,177.517,166.000,2.483
62.000,2732.000,-5163.000,177.517,164.000,2.483
62.000,2692.000,-5161.000,176.465,163.000,2.483
63.000,2653.000,-5159.000,176.465,161.000,3.535
63.000,2613.000,-5157.000,176.465,159.000,3.535
63.000,2573.000,-5155.000,177.517,157.000,3.535
63.000,2533.000,-5154.000,177.517,155.000,2.483
63.000,2493.000,-5152.000,177.517,154.000,2.483
63.000,2453.000,-5151.000,177.517,152.000,2.483
63.000,2413.000,-5149.000,176.465,151.000,2.483
63.000,2373.000,-5147.000,176.465,149.000,3.535
63.000,2333.000,-5146.000,177.517,147.000,3.535
64.000,2293.000,-5144.000,177.517,146.000,2.483
64.000,2253.000,-5143.000,177.517,144.000,2.483
64.000,2213.000,-5142.000,177.517,143.000,2.483
64.000,2173.000,-5140.000,177.517,142.000,2.483
64.000,2132.000,-5139.000,177.517,140.000,2.483
64.000,2092.000,-5138.000,177.517,139.000,2.483
64.000,2053.000,-5136.000,177.517,138.000,2.483
64.000,2013.000,-5135.000,177.517,136.000,2.483
64.000,1972.000,-5133.000,177.517,135.000,2.483
64.000,1933.000,-5132.000,177.517,133.000,2.483
65.000,1893.000,-5131.000,177.517,132.000,2.483
65.000,1853.000,-5129.000,177.517,131.000,2.483
65.000,1813.000,-5128.000,177.517,129.000,2.483
65.000,1773.000,-5126.000,177.517,128.000,2.483
65.000,1733.000,-5125.000,177.517,126.000,2.483
65.000,1693.000,-5124.000,177.517,125.000,2.483
65.000,1653.000,-5123.000,177.517,124.000,2.483
65.000,1613.000,-5122.000,178.481,123.000,2.483
65.000,1573.000,-5121.000,178.481,122.000,1.519
66.000,1533.000,-5120.000,177.517,121.000,1.519
66.000,1493.000,-5119.000,177.517,120.000,2.483
66.000,1453.000,-5117.000,177.517,119.000,2.483
66.000,1413.000,-5116.000,177.517,117.000,2.483
66.000,1373.000,-5115.000,177.517,116.000,2.483
66.000,1333.000,-5113.000,178.481,115.000,2.483
66.000,1293.000,-5113.000,178.481,113.000,1.519
66.000,1254.000,-5112.000,178.481,113.000,1.519
66.000,1213.000,-5111.000,177.517,112.000,1.519
67.000,1173.000,-5110.000,177.517,111.000,2.483
67.000,1133.000,-5108.000,177.517,110.000,2.483
67.000,1093.000,-5107.000,178.481,108.000,2.483
67.000,1053.000,-5106.000,178.481,107.000,1.519
67.000,1014.000,-5105.000,178.481,106.000,1.519
67.000,974.000,-5104.000,177.517,105.000,1.519
67.000,934.000,-5103.000,177.517,104.000,2.483
67.000,894.000,-5102.000,178.481,103.000,2.483
67.000,854.000,-5101.000,178.481,102.000,1.519
68.000,814.000,-5100.000,178.481,101.000,1.519
68.000,774.000,-5099.000,177.517,100.000,1.519
68.000,734.000,-5098.000,177.517,99.000,2.483
68.000,694.000,-5097.000,178.481,98.000,2.483
68.000,653.000,-5096.000,178.481,97.000,1.519
68.000,614.000,-5095.000,178.481,96.000,1.519
68.000,574.000,-5095.000,178.481,95.000,1.519
68.000,534.000,-5094.000,178.481,95.000,1.519
68.000,494.000,-5093.000,178.481,94.000,1.519
68.000,454.000,-5092.000,178.481,93.000,1.519
69.000,414.000,-5091.000,177.517,92.000,1.519
69.000,374.000,-5090.000,177.517,91.000,2.483
69.000,334.000,-5089.000,178.481,-200.818,2.483
69.000,294.000,-5088.000,178.481,-173.241,-43.481
69.000,254.000,-5088.000,174.536,-145.664,-43.481
69.000,215.000,-5084.000,170.504,-117.380,-39.536
69.000,175.000,-5078.000,165.507,-92.631,-35.504
69.000,137.000,-5068.000,161.562,-68.589,-30.507
69.000,98.000,-5056.000,157.530,-48.790,-26.562
70.000,61.000,-5041.000,153.585,-29.698,-22.530
70.000,26.000,-5023.000,148.588,-14.142,-18.585
70.000,-9.000,-5003.000,144.556,-2.121,-13.588
70.000,-41.000,-4980.000,140.611,8.485,-9.556
70.000,-72.000,-4955.000,135.614,14.849,-5.611
70.000,-101.000,-4927.000,132.633,19.092,-0.614
70.000,-129.000,-4898.000,130.617,19.799,2.367
70.000,-155.000,-4868.000,129.653,19.092,4.383
70.000,-181.000,-4837.000,129.653,16.263,5.347
71.000,-206.000,-4807.000,130.617,12.728,5.347
71.000,-233.000,-4777.000,132.633,9.192,4.383
71.000,-260.000,-4747.000,135.614,7.071,2.367
71.000,-288.000,-4720.000,136.578,4.950,-0.614
71.000,-318.000,-4692.000,135.614,5.657,-1.578
71.000,-347.000,-4665.000,134.562,7.071,-0.614
71.000,-375.000,-4636.000,134.562,8.485,0.438
71.000,-403.000,-4608.000,134.562,7.778,0.438
71.000,-432.000,-4580.000,134.562,7.778,0.438
72.000,-461.000,-4552.000,135.614,8.485,0.438
72.000,-489.000,-4524.000,135.614,9.192,-0.614
72.000,-518.000,-4496.000,134.562,9.192,-0.614
72.000,-547.000,-4468.000,134.562,9.899,0.438
72.000,-575.000,-4440.000,134.562,10.607,0.438
72.000,-603.000,-4412.000,134.562,10.607,0.438
72.000,-632.000,-4383.000,134.562,10.607,0.438
72.000,-660.000,-4355.000,134.562,10.607,0.438
72.000,-689.000,-4328.000,135.614,10.607,0.438
72.000,-717.000,-4300.000,135.614,12.021,-0.614
73.000,-746.000,-4272.000,134.562,12.021,-0.614
73.000,-774.000,-4243.000,134.562,12.728,0.438
73.000,-802.000,-4215.000,134.562,12.021,0.438
73.000,-830.000,-4187.000,134.562,12.021,0.438
73.000,-859.000,-4159.000,134.562,12.021,0.438
73.000,-887.000,-4130.000,134.562,12.728,0.438
73.000,-915.000,-4102.000,134.562,12.021,0.438
73.000,-944.000,-4074.000,134.562,12.021,0.438
73.000,-972.000,-4046.000,134.562,12.728,0.438
74.000,-1000.000,-4018.000,134.562,12.728,0.438
74.000,-1029.000,-3990.000,135.614,12.728,0.438
74.000,-1058.000,-3962.000,135.614,13.435,-0.614
74.000,-1086.000,-3934.000,134.562,14.142,-0.614
74.000,-1115.000,-3905.000,134.562,14.142,0.438
74.000,-1143.000,-3877.000,134.562,14.142,0.438
74.000,-1171.000,-3848.000,134.562,14.142,0.438
74.000,-1199.000,-3820.000,134.562,13.435,0.438
74.000,-1228.000,-3792.000,134.562,13.435,0.438
75.000,-1256.000,-3763.000,134.562,14.142,0.438
75.000,-1285.000,-3735.000,134.562,13.435,0.438
75.000,-1313.000,-3707.000,134.562,14.142,0.438
75.000,-1342.000,-3679.000,134.562,14.142,0.438
75.000,-1370.000,-3651.000,135.614,14.849,0.438
75.000,-1399.000,-3623.000,135.614,14.849,-0.614
75.000,-1427.000,-3595.000,134.562,15.556,-0.614
75.000,-1456.000,-3567.000,134.562,15.556,0.438
75.000,-1484.000,-3539.000,134.562,16.263,0.438
76.000,-1512.000,-3510.000,134.562,16.263,0.438
76.000,-1540.000,-3482.000,134.562,15.556,0.438
76.000,-1568.000,-3453.000,134.562,15.556,0.438
76.000,-1597.000,-3425.000,134.562,14.849,0.438
76.000,-1625.000,-3397.000,134.562,15.556,0.438
76.000,-1654.000,-3369.000,134.562,15.556,0.438
76.000,-1682.000,-3340.000,134.562,16.263,0.438
76.000,-1711.000,-3312.000,135.614,15.556,0.438
76.000,-1739.000,-3285.000,135.614,16.263,-0.614
76.000,-1768.000,-3257.000,134.562,16.971,-0.614
77.000,-1796.000,-3229.000,134.562,17.678,0.438
77.000,-1824.000,-3201.000,134.562,17.678,0.438
77.000,-1852.000,-3172.000,134.562,17.678,0.438
77.000,-1881.000,-3144.000,134.562,16.971,0.438
77.000,-1909.000,-3115.000,134.562,17.678,0.438
77.000,-1937.000,-3087.000,134.562,16.971,0.438
77.000,-1966.000,-3059.000,134.562,16.971,0.438
77.000,-1994.000,-3031.000,134.562,17.678,0.438
77.000,-2023.000,-3003.000,134.562,17.678,0.438
78.000,-2051.000,-2975.000,135.614,18.385,0.438
78.000,-2080.000,-2947.000,135.614,18.385,-0.614
78.000,-2108.000,-2919.000,134.562,19.092,-0.614
78.000,-2136.000,-2891.000,134.562,19.092,0.438
78.000,-2164.000,-2863.000,134.562,19.092,0.438
78.000,-2193.000,-2834.000,134.562,19.092,0.438
78.000,-2221.000,-2806.000,134.562,19.092,0.438
78.000,-2249.000,-2777.000,134.562,19.092,0.438
78.000,-2277.000,-2749.000,134.562,18.385,0.438
79.000,-2305.000,-2720.000,134.562,18.385,0.438
79.000,-2333.000,-2692.000,134.562,17.678,0.438
79.000,-2362.000,-2663.000,134.562,17.678,0.438
79.000,-2390.000,-2635.000,134.562,17.678,0.438
79.000,-2419.000,-2607.000,134.562,17.678,0.438
79.000,-2447.000,-2579.000,134.562,18.385,0.438
79.000,-2475.000,-2551.000,134.562,18.385,0.438
79.000,-2504.000,-2522.000,134.562,18.385,0.438
79.000,-2532.000,-2494.000,135.614,18.385,0.438
80.000,-2561.000,-2466.000,135.614,18.385,-0.614
80.000,-2589.000,-2439.000,134.562,19.092,-0.614
80.000,-2618.000,-2410.000,134.562,19.799,0.438
80.000,-2646.000,-2382.000,134.562,19.799,0.438
80.000,-2674.000,-2353.000,134.562,19.799,0.438
80.000,-2702.000,-2325.000,134.562,19.092,0.438
80.000,-2730.000,-2297.000,134.562,19.092,0.438
80.000,-2758.000,-2268.000,134.562,19.092,0.438
80.000,-2786.000,-2240.000,134.562,18.385,0.438
80.000,-2814.000,-2212.000,134.562,18.385,0.438
81.000,-2843.000,-2184.000,134.562,18.385,0.438
81.000,-2871.000,-2155.000,134.562,19.092,0.438
81.000,-2899.000,-2127.000,134.562,18.385,0.438
81.000,-2927.000,-2099.000,134.562,18.385,0.438
81.000,-2955.000,-2071.000,134.562,18.385,0.438
81.000,-2984.000,-2043.000,134.562,18.385,0.438
81.000,-3012.000,-2014.000,134.562,19.092,0.438
81.000,-3041.000,-1986.000,134.562,18.385,0.438
81.000,-3069.000,-1958.000,134.562,19.092,0.438
82.000,-3098.000,-1930.000,134.562,19.092,0.438
82.000,-3126.000,-1902.000,134.562,19.799,0.438
82.000,-3154.000,-1874.000,134.562,19.799,0.438
82.000,-3183.000,-1846.000,134.562,19.799,0.438
82.000,-3212.000,-1818.000,134.562,20.506,0.438
82.000,-3240.000,-1790.000,134.562,21.213,0.438
82.000,-3269.000,-1762.000,134.562,21.213,0.438
82.000,-3297.000,-1734.000,134.562,21.920,0.438
82.000,-3326.000,-1706.000,134.562,21.920,0.438
83.000,-3354.000,-1678.000,134.562,22.627,0.438
83.000,-3383.000,-1650.000,134.562,22.627,0.438
83.000,-3412.000,-1622.000,134.562,23.335,0.438
83.000,-3440.000,-1594.000,134.562,24.042,0.438
83.000,-3468.000,-1566.000,134.562,24.042,0.438
83.000,-3497.000,-1538.000,134.562,24.042,0.438
83.000,-3526.000,-1510.000,134.562,24.749,0.438
83.000,-3554.000,-1482.000,134.562,25.456,0.438
83.000,-3583.000,-1454.000,134.562,25.456,0.438
84.000,-3611.000,-1426.000,134.562,26.163,0.438
84.000,-3640.000,-1398.000,134.562,26.163,0.438
84.000,-3668.000,-1369.000,134.562,26.870,0.438
84.000,-3697.000,-1341.000,134.562,26.163,0.438
84.000,-3725.000,-1313.000,134.562,26.870,0.438
84.000,-3754.000,-1286.000,134.562,26.870,0.438
84.000,-3782.000,-1258.000,134.562,28.284,0.438
84.000,-3811.000,-1229.000,134.562,28.284,0.438
84.000,-3840.000,-1201.000,134.562,28.284,0.438
84.000,-3868.000,-1173.000,134.562,28.991,0.438
85.000,-3897.000,-1145.000,134.562,28.991,0.438
85.000,-3925.000,-1117.000,134.562,29.698,0.438
85.000,-3953.000,-1089.000,134.562,29.698,0.438
85.000,-3982.000,-1061.000,134.562,29.698,0.438
85.000,-4010.000,-1032.000,134.562,30.406,0.438
85.000,-4039.000,-1004.000,134.562,29.698,0.438
85.000,-4067.000,-976.000,134.562,30.406,0.438
85.000,-4095.000,-947.000,134.562,30.406,0.438
85.000,-4124.000,-919.000,134.562,29.698,0.438
86.000,-4151.000,-890.000,133.598,30.406,0.438
86.000,-4180.000,-862.000,133.598,28.991,1.402
86.000,-4208.000,-833.000,134.562,29.698,1.402
86.000,-4236.000,-805.000,134.562,28.991,0.438
86.000,-4264.000,-777.000,134.562,28.991,0.438
86.000,-4293.000,-748.000,134.562,28.991,0.438
86.000,-4321.000,-720.000,134.562,28.991,0.438
86.000,-4350.000,-692.000,134.562,28.991,0.438
86.000,-4378.000,-664.000,134.562,29.698,0.438
87.000,-4406.000,-635.000,134.562,29.698,0.438
87.000,-4435.000,-607.000,134.562,28.991,0.438
87.000,-4463.000,-578.000,134.562,29.698,0.438
87.000,-4491.000,-550.000,133.598,28.991,0.438
87.000,-4519.000,-521.000,133.598,28.991,1.402
87.000,-4547.000,-493.000,134.562,28.284,1.402
87.000,-4575.000,-465.000,134.562,28.284,0.438
87.000,-4603.000,-437.000,134.562,28.284,0.438
87.000,-4632.000,-408.000,134.562,28.284,0.438
88.000,-4660.000,-380.000,134.562,28.284,0.438
88.000,-4689.000,-352.000,134.562,28.284,0.438
88.000,-4717.000,-324.000,134.562,28.991,0.438
88.000,-4746.000,-296.000,134.562,28.991,0.438
88.000,-4774.000,-268.000,134.562,-296.000,0.438
88.000,-4803.000,-240.000,134.562,-268.000,-134.562
88.000,-4831.000,-212.000,133.598,-240.000,-134.562
88.000,-4859.000,-183.000,131.581,-212.000,-133.598
88.000,-4885.000,-153.000,127.637,-183.000,-131.581
88.000,-4910.000,-122.000,123.604,-153.000,-127.637
89.000,-4933.000,-89.000,119.659,-122.000,-123.604
89.000,-4953.000,-54.000,115.627,-89.000,-119.659
89.000,-4970.000,-17.000,110.630,-54.000,-115.627
89.000,-4984.000,20.000,106.685,-17.000,-110.630
89.000,-4996.000,58.000,102.653,20.000,-106.685
89.000,-5005.000,97.000,97.744,58.000,-102.653
89.000,-5010.000,136.000,93.711,97.000,-97.744
89.000,-5013.000,176.000,89.679,136.000,-93.711
89.000,-5013.000,216.000,84.770,176.000,-89.679
90.000,-5010.000,255.000,80.737,216.000,-84.770
90.000,-5004.000,295.000,76.792,255.000,-80.737
90.000,-4995.000,334.000,72.760,295.000,-76.792
90.000,-4983.000,372.000,67.763,334.000,-72.760
90.000,-4968.000,409.000,63.818,372.000,-67.763
90.000,-4950.000,445.000,59.786,409.000,-63.818
90.000,-4930.000,480.000,54.789,445.000,-59.786
90.000,-4907.000,513.000,50.844,480.000,-54.789
90.000,-4882.000,544.000,46.812,513.000,-50.844
91.000,-4855.000,573.000,41.815,544.000,-46.812
91.000,-4825.000,600.000,37.870,573.000,-41.815
91.000,-4793.000,625.000,33.838,600.000,-37.870
91.000,-4760.000,647.000,29.893,625.000,-33.838
91.000,-4725.000,667.000,24.896,647.000,-29.893
91.000,-4689.000,684.000,20.864,667.000,-24.896
91.000,-4652.000,699.000,16.919,684.000,-20.864
91.000,-4614.000,710.000,11.922,699.000,-16.919
91.000,-4574.000,719.000,7.977,710.000,-11.922
92.000,-4535.000,724.000,3.945,719.000,-7.977
92.000,-4495.000,727.000,-0.964,724.000,-3.945
92.000,-4455.000,727.000,-4.909,727.000,0.964
92.000,-4415.000,723.000,-8.942,727.000,4.909
92.000,-4375.000,717.000,-12.886,723.000,8.942
92.000,-4336.000,708.000,-16.919,717.000,12.886
92.000,-4298.000,696.000,-18.935,708.000,16.919
92.000,-4261.000,683.000,-16.919,696.000,18.935
92.000,-4222.000,672.000,-12.886,683.000,16.919
92.000,-4183.000,663.000,-10.958,672.000,12.886
93.000,-4144.000,656.000,-8.942,663.000,10.958
93.000,-4104.000,649.000,-9.906,656.000,8.942
93.000,-4065.000,642.000,-11.922,649.000,9.906
93.000,-4026.000,634.000,-12.886,642.000,11.922
93.000,-3987.000,626.000,-11.922,634.000,12.886
93.000,-3948.000,617.000,-11.922,626.000,11.922
93.000,-3908.000,609.000,-10.958,617.000,11.922
93.000,-3869.000,601.000,-10.958,609.000,10.958
93.000,-3830.000,593.000,-10.958,601.000,10.958
94.000,-3791.000,586.000,-10.958,593.000,10.958
94.000,-3751.000,578.000,-10.958,586.000,10.958
94.000,-3712.000,570.000,-10.958,578.000,10.958
94.000,-3673.000,563.000,-10.958,570.000,10.958
94.000,-3633.000,555.000,-9.906,563.000,10.958
94.000,-3594.000,548.000,-9.906,555.000,9.906
94.000,-3555.000,541.000,-9.906,548.000,9.906
94.000,-3515.000,534.000,-9.906,541.000,9.906
94.000,-3476.000,527.000,-9.906,534.000,9.906
95.000,-3437.000,520.000,-9.906,527.000,9.906
95.000,-3397.000,514.000,-9.906,520.000,9.906
95.000,-3358.000,507.000,-9.906,514.000,9.906
95.000,-3319.000,500.000,-8.942,507.000,9.906
95.000,-3279.000,494.000,-8.942,500.000,8.942
95.000,-3240.000,488.000,-8.942,494.000,8.942
95.000,-3200.000,482.000,-8.942,488.000,8.942
95.000,-3160.000,475.000,-8.942,482.000,8.942
95.000,-3121.000,469.000,-8.942,475.000,8.942
96.000,-3081.000,463.000,-8.942,469.000,8.942
96.000,-3041.000,457.000,-7.977,463.000,8.942
96.000,-3002.000,451.000,-7.977,457.000,7.977
96.000,-2962.000,445.000,-7.977,451.000,7.977
96.000,-2922.000,440.000,-7.977,445.000,7.977
96.000,-2883.000,434.000,-8.942,440.000,7.977
96.000,-2843.000,428.000,-8.942,434.000,8.942
96.000,-2804.000,422.000,-7.977,428.000,8.942
96.000,-2764.000,417.000,-6.925,422.000,7.977
96.000,-2724.000,411.000,-6.925,417.000,6.925
97.000,-2685.000,406.000,-7.977,411.000,6.925
97.000,-2645.000,401.000,-7.977,406.000,7.977
97.000,-2605.000,396.000,-7.977,401.000,7.977
97.000,-2565.000,391.000,-6.925,396.000,7.977
97.000,-2526.000,386.000,-6.925,391.000,6.925
97.000,-2486.000,381.000,-6.925,386.000,6.925
97.000,-2446.000,376.000,-6.925,381.000,6.925
97.000,-2407.000,371.000,-6.925,376.000,6.925
97.000,-2367.000,367.000,-6.925,371.000,6.925
98.000,-2328.000,362.000,-6.925,367.000,6.925
98.000,-2288.000,357.000,-6.925,362.000,6.925
98.000,-2248.000,352.000,-6.925,357.000,6.925
98.000,-2208.000,348.000,-5.961,352.000,6.925
98.000,-2169.000,343.000,-5.961,348.000,5.961
98.000,-2129.000,339.000,-5.961,343.000,5.961
98.000,-2089.000,335.000,-5.961,339.000,5.961
98.000,-2049.000,330.000,-6.925,335.000,5.961
98.000,-2009.000,326.000,-6.925,330.000,6.925
99.000,-1969.000,321.000,-5.961,326.000,6.925
99.000,-1929.000,317.000,-5.961,321.000,5.961
99.000,-1889.000,313.000,-5.961,317.000,5.961
99.000,-1849.000,309.000,-4.909,313.000,5.961
99.000,-1810.000,305.000,-4.909,309.000,4.909
99.000,-1770.000,302.000,-5.961,305.000,4.909
99.000,-1730.000,298.000,-5.961,302.000,5.961
99.000,-1691.000,294.000,-5.961,298.000,5.961
99.000,-1651.000,290.000,-5.961,294.000,5.961
100.000,-1611.000,286.000,-4.909,290.000,5.961
100.000,-1571.000,282.000,-4.909,286.000,4.909
100.000,-1532.000,279.000,-4.909,282.000,4.909
100.000,-1492.000,275.000,-4.909,279.000,4.909
100.000,-1452.000,272.000,-4.909,275.000,4.909
100.000,-1412.000,268.000,-4.909,272.000,4.909
100.000,-1373.000,264.000,-4.909,268.000,4.909
100.000,-1333.000,261.000,-4.909,264.000,4.909
100.000,-1294.000,257.000,-4.909,261.000,4.909
100.000,-1254.000,253.000,-4.909,257.000,4.909
101.000,-1214.000,250.000,-4.909,253.000,4.909
101.000,-1175.000,246.000,-4.909,250.000,4.909
101.000,-1135.000,243.000,-4.909,246.000,4.909
101.000,-1095.000,240.000,-3.945,243.000,4.909
101.000,-1056.000,237.000,-3.945,240.000,3.945
101.000,-1015.000,234.000,-3.945,237.000,3.945
101.000,-976.000,231.000,-4.909,234.000,3.945
101.000,-936.000,228.000,-4.909,231.000,4.909
101.000,-896.000,225.000,-3.945,228.000,4.909
102.000,-856.000,222.000,-3.945,225.000,3.945
102.000,-816.000,219.000,-3.945,222.000,3.945
102.000,-777.000,216.000,-3.945,219.000,3.945
102.000,-737.000,213.000,-3.945,216.000,3.945
102.000,-697.000,210.000,-3.945,213.000,3.945
102.000,-657.000,207.000,-3.945,210.000,3.945
102.000,-617.000,205.000,-3.945,207.000,3.945
102.000,-577.000,202.000,-3.945,205.000,3.945
102.000,-537.000,199.000,-3.945,202.000,3.945
103.000,-497.000,196.000,-3.945,199.000,3.945
103.000,-457.000,194.000,-3.945,196.000,3.945
103.000,-417.000,191.000,-2.981,194.000,3.945
103.000,-377.000,189.000,-2.981,191.000,2.981
103.000,-337.000,187.000,-2.981,189.000,2.981
